week_start,channel,campaign,spend,impressions,clicks,conversions,revenue,ctr_pct,cpc,roas
2023-09-18,Social,Social-2309,2469.28,4018,68,3,8642.11,1.705,36.04,3.5
2024-10-14,Display,Display-2410,6140.79,18353,253,11,14506.92,1.382,24.21,2.36
2024-04-15,Paid Search,Paid-2404,5648.8,5302,161,9,31660.64,3.045,34.99,5.6
2024-12-09,Display,Display-2412,2172.35,5552,85,2,4596.98,1.533,25.53,2.12
2025-04-07,Paid Search,Paid-2504,2150.2,2407,57,3,9291.6,2.409,37.08,4.32
2025-06-23,Social,Social-2506,1628.32,2249,52,1,3586.69,2.326,31.13,2.2
2023-08-21,Display,Display-2308,3145.48,8562,112,6,11351.92,1.319,27.86,3.61
2023-03-20,Email,Email-2303,1294.73,6899,78,3,8970.04,1.136,16.52,6.93
2023-08-07,Paid Search,Paid-2308,6112.63,5980,144,5,20876.6,2.41,42.41,3.42
2024-05-20,Paid Search,Paid-2405,2501.16,2972,86,2,8643.35,2.909,28.92,3.46
2023-07-17,Email,Email-2307,1513.09,7471,71,3,9813.37,0.957,21.16,6.49
2024-04-08,Display,Display-2404,3977.36,12160,137,4,5525.32,1.134,28.84,1.39
2024-07-15,Display,Display-2407,1535.8,3644,56,2,3673.9,1.558,27.05,2.39
2024-05-27,Paid Search,Paid-2405,1530.39,1701,58,3,10602.52,3.414,26.35,6.93
2025-05-05,Display,Display-2505,2714.64,8187,130,5,9367.44,1.599,20.74,3.45
2023-10-09,Email,Email-2310,1033.81,5184,49,2,7900.38,0.951,20.97,7.64
2024-01-01,Email,Email-2401,1862.74,8353,90,3,10150.87,1.085,20.56,5.45
2023-11-06,Email,Email-2311,1365.95,6253,60,2,6993.68,0.971,22.49,5.12
2023-12-11,Affiliate,Affiliate-2312,303.16,656,15,0,2430.98,2.292,20.15,8.02
2023-05-29,Affiliate,Affiliate-2305,1694.65,2858,62,3,9451.09,2.181,27.18,5.58
2025-04-28,Paid Search,Paid-2504,4508.1,4582,169,9,29121.46,3.695,26.63,6.46
2024-05-13,Email,Email-2405,507.32,2585,21,0,2120.25,0.822,23.86,4.18
2024-06-10,Paid Search,Paid-2406,5331.84,6297,200,11,34046.95,3.176,26.66,6.39
2025-04-07,Email,Email-2504,497.36,2319,22,1,3725.96,0.956,22.42,7.49
2024-12-23,Display,Display-2412,2142.64,5722,70,3,5618.67,1.23,30.44,2.62
2023-07-24,Social,Social-2307,2511.77,3811,78,3,6385.59,2.066,31.9,2.54
2023-09-25,Social,Social-2309,2301.68,4062,79,3,7517.34,1.949,29.07,3.27
2025-02-03,Paid Search,Paid-2502,1106.8,1279,31,1,5132.94,2.454,35.26,4.64
2024-06-17,Affiliate,Affiliate-2406,913.85,1935,33,1,3637.32,1.717,27.5,3.98
2025-04-14,Social,Social-2504,2939.67,4129,103,3,6813.55,2.516,28.29,2.32
2023-07-10,Display,Display-2307,1481.78,4727,74,3,5924.99,1.577,19.88,4.0
2023-07-17,Social,Social-2307,641.37,1010,18,0,1415.91,1.802,35.23,2.21
2025-03-31,Paid Search,Paid-2503,1144.27,1243,45,2,9174.91,3.684,24.98,8.02
2023-10-30,Email,Email-2310,1333.71,6544,51,2,6711.77,0.79,25.8,5.03
2024-06-17,Email,Email-2406,1171.17,6159,56,3,9943.39,0.923,20.6,8.49
2023-08-07,Affiliate,Affiliate-2308,1297.5,2590,53,3,11192.53,2.078,24.1,8.63
2025-02-24,Paid Search,Paid-2502,4084.66,4021,106,5,15053.98,2.658,38.22,3.69
2024-06-03,Email,Email-2406,4001.06,20630,241,8,27205.62,1.17,16.57,6.8
2024-02-12,Affiliate,Affiliate-2402,1347.19,2365,53,2,6670.89,2.251,25.29,4.95
2024-06-24,Display,Display-2406,1182.73,3038,41,1,2273.98,1.359,28.63,1.92
2025-02-24,Display,Display-2502,1379.68,4050,50,2,2693.27,1.246,27.33,1.95
2023-12-04,Paid Search,Paid-2312,2563.27,2955,91,3,11818.53,3.106,27.92,4.61
2024-09-30,Paid Search,Paid-2409,2663.67,2833,68,2,6173.83,2.405,39.1,2.32
2024-05-27,Email,Email-2405,1774.85,8043,72,2,6657.54,0.903,24.44,3.75
2023-10-09,Affiliate,Affiliate-2310,429.19,721,11,0,1239.2,1.574,37.78,2.89
2024-05-06,Affiliate,Affiliate-2405,2298.24,4856,95,4,11917.77,1.966,24.07,5.19
2023-07-03,Affiliate,Affiliate-2307,717.81,1245,20,1,4046.51,1.658,34.75,5.64
2025-06-23,Display,Display-2506,1856.23,4589,67,3,4633.36,1.481,27.31,2.5
2025-05-12,Social,Social-2505,1449.07,2321,56,1,3604.96,2.447,25.51,2.49
2024-07-22,Email,Email-2407,1364.97,6406,74,2,6400.15,1.158,18.4,4.69
2025-02-10,Social,Social-2502,2593.99,3517,73,3,9244.19,2.076,35.53,3.56
2023-04-10,Paid Search,Paid-2304,2104.77,2389,68,3,11097.59,2.887,30.51,5.27
2024-04-22,Affiliate,Affiliate-2404,810.07,1719,36,1,3737.53,2.14,22.01,4.61
2025-02-24,Social,Social-2502,1319.23,2353,46,1,4909.28,1.959,28.61,3.72
2023-06-05,Paid Search,Paid-2306,2519.3,3169,91,4,15316.71,2.888,27.53,6.08
2024-12-23,Paid Search,Paid-2412,1918.09,2347,77,3,,3.308,24.7,5.85
2025-02-03,Affiliate,Affiliate-2502,1473.9,3171,56,2,7289.97,1.797,25.86,4.95
2025-02-10,Email,Email-2502,3238.09,12776,151,8,25597.51,1.182,21.44,7.91
2024-03-25,Paid Search,Paid-2403,3396.53,4185,145,4,14770.52,3.471,23.38,4.35
2024-06-10,Social,Social-2406,2775.49,4658,115,6,14462.78,2.48,24.03,5.21
2024-02-19,Email,Email-2402,936.7,3932,45,1,4071.3,1.145,20.81,4.35
2024-11-18,Email,Email-2411,2006.09,10099,103,4,10071.54,1.025,19.38,5.02
2025-06-16,Social,Social-2506,1285.49,1923,40,1,3669.54,2.087,32.01,2.85
2023-03-13,Display,Display-2303,1168.96,3675,49,2,3404.66,1.346,23.63,2.91
2023-05-15,Display,Display-2305,566.49,1468,18,0,969.71,1.227,31.44,1.71
2024-03-04,Email,Email-2403,2773.9,11870,135,5,14547.2,1.142,20.46,5.24
2025-01-13,Paid Search,Paid-2501,6927.26,8529,270,12,37292.03,3.174,25.59,5.38
2024-03-18,Social,Social-2403,1248.68,1705,39,1,3567.58,2.298,31.87,2.86
2023-01-30,Email,Email-2301,591.74,2864,30,1,3756.77,1.071,19.29,6.35
2024-01-15,Paid Search,Paid-2401,1626.55,1835,55,2,6676.18,3.0,29.53,4.1
2023-10-16,Affiliate,Affiliate-2310,1512.38,3295,63,2,8182.11,1.936,23.71,5.41
2025-05-12,Display,Display-2505,1350.36,3918,43,2,4050.77,1.112,31.0,3.0
2025-06-23,Email,Email-2506,2104.66,10386,80,4,12724.34,0.77,26.3,6.05
2025-05-19,Paid Search,Paid-2505,2560.61,2774,88,3,9770.03,3.195,28.88,3.82
2025-06-09,Display,Display-2506,1498.86,3849,49,2,3399.73,1.297,30.01,2.27
2024-11-25,Social,Social-2411,1344.79,2220,40,2,,1.802,33.61,3.75
2024-11-11,Paid Search,Paid-2411,1867.45,1868,60,3,9025.74,3.237,30.88,4.83
2025-04-21,Display,Display-2504,927.35,2375,37,1,1602.73,1.599,24.41,1.73
2024-09-16,Social,Social-2409,1973.97,2956,54,3,5978.7,1.844,36.22,3.03
2023-04-10,Affiliate,Affiliate-2304,1033.75,2252,49,1,6109.35,2.18,21.05,5.91
2024-01-29,Social,Social-2401,4617.87,7089,176,6,14697.99,2.485,26.21,3.18
2023-12-18,Email,Email-2312,1445.88,6345,60,2,6273.38,0.96,23.74,4.34
2024-07-01,Paid Search,Paid-2407,1345.7,1468,35,1,4658.44,2.444,37.49,3.46
2025-02-03,Email,Email-2502,1555.54,7002,61,2,6472.92,0.879,25.28,4.16
2023-05-15,Affiliate,Affiliate-2305,4429.41,9098,172,7,26529.07,1.895,25.69,5.99
2024-07-01,Email,Email-2407,2482.96,10016,89,2,8854.01,0.895,27.7,3.57
2025-02-17,Affiliate,Affiliate-2502,425.71,802,14,0,1762.02,1.745,30.4,4.14
2023-03-06,Social,Social-2303,5185.91,8362,190,7,,2.278,27.22,3.3
2024-01-29,Display,Display-2401,1217.96,3637,45,1,3138.52,1.253,26.72,2.58
2023-06-12,Paid Search,Paid-2306,2964.72,3007,74,3,10831.88,2.468,39.94,3.65
2024-04-22,Paid Search,Paid-2404,3535.91,3568,94,3,10678.74,2.656,37.31,3.02
2024-11-18,Paid Search,Paid-2411,2766.07,3076,73,2,8786.97,2.401,37.44,3.18
2023-09-04,Affiliate,Affiliate-2309,1253.25,2718,52,2,8181.0,1.946,23.69,6.53
2023-07-17,Paid Search,Paid-2307,1886.95,2334,69,3,9347.66,2.991,27.02,4.95
2024-12-09,Paid Search,Paid-2412,2943.31,3212,117,5,18814.62,3.65,25.1,6.39
2023-12-11,Display,Display-2312,1969.86,5689,68,3,6592.28,1.202,28.79,3.35
2023-11-20,Email,Email-2311,2818.22,11960,128,6,15515.88,1.072,21.98,5.51
2023-10-09,Paid Search,Paid-2310,5161.04,4977,172,8,26694.06,3.474,29.84,5.17
2023-09-25,Email,Email-2309,1476.88,7215,59,2,,0.83,24.66,5.18
2024-10-14,Social,Social-2410,1375.93,2041,36,1,2908.97,1.769,38.09,2.11
2023-07-03,Email,Email-2307,1941.55,10063,80,3,9135.66,0.803,24.03,4.71
2023-03-20,Paid Search,Paid-2303,4862.35,5538,142,6,23608.03,2.565,34.23,4.86
2024-07-29,Affiliate,Affiliate-2407,1337.87,2321,52,1,5163.14,2.251,25.61,3.86
2023-01-16,Display,Display-2301,1995.11,5176,75,3,4087.0,1.463,26.35,2.05
2024-07-08,Paid Search,Paid-2407,4434.93,4617,124,6,22020.45,2.692,35.67,4.97
2024-10-28,Affiliate,Affiliate-2410,2446.94,4128,80,3,8531.79,1.954,30.33,3.49
2023-03-27,Paid Search,Paid-2303,2731.34,3264,88,4,13726.73,2.722,30.74,5.03
2023-12-25,Affiliate,Affiliate-2312,2590.93,4859,112,5,14775.39,2.308,23.1,5.7
2023-05-29,Display,Display-2305,2885.05,7335,104,4,8587.3,1.426,27.58,2.98
2024-01-22,Display,Display-2401,2601.85,7457,99,4,6356.72,1.333,26.17,2.44
2025-06-23,Affiliate,Affiliate-2506,903.86,1906,31,1,4305.09,1.659,28.58,4.76
2024-12-02,Social,Social-2412,1186.75,2094,44,1,2531.69,2.138,26.5,2.13
2025-05-05,Affiliate,Affiliate-2505,1051.16,1797,35,1,3657.78,1.991,29.37,3.48
2025-03-31,Social,Social-2503,1510.37,2424,51,2,6844.82,2.133,29.2,4.53
2023-11-13,Display,Display-2311,4131.4,10545,163,8,12814.78,1.551,25.25,3.1
2025-06-02,Affiliate,Affiliate-2506,2010.33,3394,70,4,11426.64,2.083,28.43,5.68
2023-01-02,Display,Display-2301,1912.0,5751,68,3,3935.9,1.198,27.75,2.06
2024-04-01,Display,Display-2404,1400.42,3734,44,1,2570.01,1.19,31.52,1.84
2024-08-05,Display,Display-2408,693.61,1788,23,0,1606.44,1.334,29.06,2.32
2024-09-30,Display,Display-2409,4731.21,13816,165,8,12515.33,1.198,28.58,2.65
2025-05-26,Affiliate,Affiliate-2505,782.99,1662,37,1,,2.231,21.11,5.95
2024-06-24,Social,Social-2406,1700.17,2724,66,2,5646.2,2.443,25.55,3.32
2023-12-04,Email,Email-2312,2428.11,12513,110,5,15134.23,0.881,22.01,6.23
2023-11-06,Social,Social-2311,2690.23,4446,112,6,15190.4,2.521,24.0,5.65
2024-08-12,Email,Email-2408,2850.54,11613,134,6,,1.158,21.2,6.3
2023-03-13,Email,Email-2303,1092.53,5666,61,2,5960.94,1.086,17.75,5.46
2023-01-23,Email,Email-2301,1924.94,7720,72,2,6017.0,0.938,26.59,3.13
2023-05-22,Social,Social-2305,1729.46,2702,46,2,5067.04,1.714,37.34,2.93
2023-09-25,Display,Display-2309,861.84,2401,29,0,1364.94,1.21,29.66,1.58
2023-03-13,Paid Search,Paid-2303,3954.46,4349,149,8,26351.09,3.431,26.5,6.66
2023-07-24,Display,Display-2307,1143.39,3329,38,1,1989.04,1.159,29.64,1.74
2024-06-24,Paid Search,Paid-2406,4717.37,4570,162,5,19664.63,3.562,28.98,4.17
2024-03-11,Display,Display-2403,2600.11,7064,83,2,4948.65,1.175,31.33,1.9
2024-03-25,Social,Social-2403,2743.43,3820,84,2,6672.92,2.211,32.48,2.43
2025-05-12,Email,Email-2505,1219.51,6415,69,3,10540.46,1.087,17.48,8.64
2025-02-03,Social,Social-2502,3234.09,5336,138,6,14511.07,2.586,23.43,4.49
2023-02-13,Paid Search,Paid-2302,1274.57,1524,51,2,7674.49,3.366,24.84,6.02
2024-09-16,Email,Email-2409,2873.05,14126,159,5,12499.43,1.127,18.05,4.35
2023-11-27,Affiliate,Affiliate-2311,1899.74,3589,72,3,9895.3,2.018,26.22,5.21
2024-09-09,Email,Email-2409,1557.1,7654,79,3,9661.01,1.041,19.55,6.2
2023-06-12,Social,Social-2306,1319.31,2168,41,2,4563.8,1.899,32.04,3.46
2024-08-12,Affiliate,Affiliate-2408,1998.03,3250,64,2,6942.74,1.989,30.9,3.47
2025-05-05,Email,Email-2505,2899.79,13456,148,5,16538.22,1.101,19.57,5.7
2024-08-05,Email,Email-2408,1743.52,6996,60,1,5703.01,0.865,28.82,3.27
2023-03-13,Social,Social-2303,477.07,670,11,0,1229.61,1.763,40.38,2.58
2023-12-04,Affiliate,Affiliate-2312,774.99,1558,31,1,3530.01,2.002,24.83,4.55
2024-01-01,Social,Social-2401,1012.6,1651,30,1,3350.66,1.826,33.58,3.31
2024-03-18,Affiliate,Affiliate-2403,1207.3,2167,42,2,6487.86,1.976,28.19,5.37
2024-02-12,Social,Social-2402,3393.11,4595,96,5,10831.06,2.108,35.04,3.19
2024-08-26,Display,Display-2408,1854.07,4725,76,2,,1.619,24.24,2.19
2025-06-02,Paid Search,Paid-2506,1127.05,1152,32,1,3103.78,2.807,34.84,2.75
2023-12-11,Paid Search,Paid-2312,1859.19,1964,72,2,8104.36,3.676,25.74,4.36
2023-03-20,Display,Display-2303,2880.46,8344,94,5,6953.64,1.135,30.42,2.41
2023-11-27,Social,Social-2311,4399.78,7789,147,4,11270.31,1.895,29.81,2.56
2024-10-28,Email,Email-2410,1642.41,7969,71,2,,0.896,23.0,4.82
2024-11-25,Affiliate,Affiliate-2411,2903.91,6196,134,6,17105.71,2.166,21.64,5.89
2023-05-15,Email,Email-2305,1534.8,6489,58,3,8995.69,0.899,26.3,5.86
2024-12-16,Display,Display-2412,2842.86,8148,132,6,10411.26,1.621,21.52,3.66
2025-03-31,Email,Email-2503,3473.32,16067,157,4,12829.13,0.978,22.11,3.69
2025-01-20,Display,Display-2501,2519.23,6157,79,4,5638.85,1.292,31.67,2.24
2024-03-04,Paid Search,Paid-2403,3330.99,3106,106,5,19582.66,3.44,31.17,5.88
2023-01-30,Display,Display-2301,841.88,2369,30,1,2884.88,1.305,27.22,3.43
2024-07-08,Social,Social-2407,1582.37,2791,48,2,6407.35,1.751,32.37,4.05
2024-06-24,Email,Email-2406,1827.66,7468,69,3,8709.51,0.928,26.36,4.77
2024-11-25,Display,Display-2411,6243.19,18949,283,10,19305.06,1.494,22.05,3.09
2023-07-31,Affiliate,Affiliate-2307,873.89,1539,26,1,3673.37,1.74,32.61,4.2
2025-01-20,Social,Social-2501,2013.46,3533,85,3,8842.49,2.429,23.46,4.39
2023-11-13,Affiliate,Affiliate-2311,387.82,747,17,0,1477.94,2.37,21.88,3.81
2023-10-23,Display,Display-2310,1663.38,4610,70,3,4280.78,1.527,23.62,2.57
2023-11-27,Paid Search,Paid-2311,6575.51,6135,160,7,28418.68,2.619,40.93,4.32
2024-02-05,Affiliate,Affiliate-2402,1102.11,1767,35,1,5240.76,2.034,30.65,4.76
2023-01-02,Email,Email-2301,2123.17,8452,94,4,13363.68,1.114,22.55,6.29
2025-04-28,Affiliate,Affiliate-2504,1834.69,3574,56,1,4621.47,1.592,32.24,2.52
2025-05-26,Email,Email-2505,1751.24,6845,52,2,5872.61,0.761,33.62,3.35
2023-04-24,Email,Email-2304,1566.66,7520,62,2,6020.02,0.836,24.92,3.84
2024-11-11,Affiliate,Affiliate-2411,836.55,1765,31,1,5197.36,1.808,26.21,6.21
2025-04-14,Display,Display-2504,1683.01,4946,64,2,3722.35,1.297,26.24,2.21
2025-03-10,Affiliate,Affiliate-2503,3003.84,5018,115,5,14055.16,2.311,25.9,4.68
2025-01-13,Email,Email-2501,1169.82,5760,49,2,7005.25,0.867,23.42,5.99
2023-02-20,Display,Display-2302,567.89,1411,15,0,1223.1,1.112,36.18,2.15
2024-11-18,Display,Display-2411,1708.83,4805,63,2,4467.16,1.329,26.76,2.61
2023-12-25,Social,Social-2312,1427.61,1974,41,1,3244.11,2.102,34.39,2.27
2024-08-19,Affiliate,Affiliate-2408,1771.79,3595,69,3,9082.87,1.925,25.59,5.13
2023-01-16,Paid Search,Paid-2301,4901.98,4907,121,4,14256.1,2.479,40.3,2.91
2023-03-27,Display,Display-2303,2860.05,6808,99,3,5385.42,1.454,28.88,1.88
2023-02-13,Email,Email-2302,1710.56,6913,56,2,7456.31,0.82,30.17,4.36
2024-06-10,Display,Display-2406,1333.46,3566,43,1,3332.08,1.229,30.41,2.5
2024-06-17,Social,Social-2406,1031.15,1688,32,1,3367.31,1.95,31.32,3.27
2024-06-10,Affiliate,Affiliate-2406,1438.6,2685,54,2,6844.27,2.045,26.19,4.76
2024-04-15,Affiliate,Affiliate-2404,4824.58,7880,159,8,23802.99,2.026,30.21,4.93
2023-02-06,Paid Search,Paid-2302,3147.16,3858,131,7,27775.62,3.411,23.91,8.83
2024-10-28,Display,Display-2410,834.66,2449,36,1,1851.41,1.473,23.13,2.22
2024-05-20,Social,Social-2405,1846.26,2715,59,2,6097.84,2.179,31.2,3.3
2025-03-17,Paid Search,Paid-2503,1906.63,2224,81,4,13665.88,3.682,23.28,7.17
2024-02-26,Paid Search,Paid-2402,2529.68,2342,85,3,8971.14,3.652,29.57,3.55
2024-05-06,Social,Social-2405,3244.09,5210,105,3,6293.1,2.028,30.7,1.94
2024-11-18,Social,Social-2411,2562.14,3475,84,3,8689.75,2.428,30.36,3.39
2024-09-23,Email,Email-2409,1212.43,4816,38,1,5939.48,0.794,31.69,4.9
2024-01-15,Social,Social-2401,1659.24,2381,60,2,5317.7,2.534,27.49,3.2
2023-05-01,Affiliate,Affiliate-2305,407.63,811,17,0,3073.63,2.13,23.59,7.54
2023-04-03,Paid Search,Paid-2304,1588.57,1977,55,2,9205.5,2.807,28.62,5.79
2024-07-29,Social,Social-2407,6252.5,8693,226,8,18318.19,2.601,27.65,2.93
2024-06-03,Social,Social-2406,1978.3,3427,66,2,5742.3,1.936,29.81,2.9
2024-04-15,Social,Social-2404,2234.28,3417,74,3,6596.33,2.173,30.09,2.95
2024-12-30,Social,Social-2412,1742.69,2677,59,2,5426.66,2.224,29.27,3.11
2024-10-21,Social,Social-2410,3441.44,4807,84,3,5974.93,1.761,40.65,1.74
2024-02-05,Paid Search,Paid-2402,1313.1,1518,37,1,4153.59,2.464,35.1,3.16
2025-02-03,Display,Display-2502,3819.42,10360,156,5,7718.56,1.509,24.43,2.02
2023-09-18,Email,Email-2309,325.37,1635,14,0,2117.76,0.901,22.08,6.51
2024-06-24,Affiliate,Affiliate-2406,1616.05,3377,56,2,8451.71,1.67,28.66,5.23
2024-07-22,Display,Display-2407,559.24,1362,16,0,937.75,1.212,33.88,1.68
2023-02-27,Paid Search,Paid-2302,7543.06,8021,197,8,26959.75,2.466,38.12,3.57
2025-02-17,Email,Email-2502,2185.75,9187,103,4,12792.75,1.131,21.04,5.85
2024-01-29,Affiliate,Affiliate-2401,1513.95,3261,67,2,7624.32,2.076,22.36,5.04
2024-04-29,Social,Social-2404,1842.63,2883,69,4,7873.22,2.395,26.69,4.27
2023-08-28,Email,Email-2308,2099.56,10217,80,2,5812.42,0.788,26.07,2.77
2024-10-21,Email,Email-2410,2617.54,12464,139,5,17599.31,1.122,18.72,6.72
2023-12-04,Display,Display-2312,710.97,2133,27,1,2140.62,1.285,25.94,3.01
2025-03-03,Paid Search,Paid-2503,1709.45,1656,50,2,7090.25,3.066,33.67,4.15
2024-12-02,Display,Display-2412,1278.84,3965,48,1,2931.11,1.217,26.5,2.29
2024-12-16,Paid Search,Paid-2412,3114.66,3218,112,3,10137.4,3.488,27.75,3.25
2024-01-15,Display,Display-2401,2720.79,6456,83,4,5510.83,1.294,32.56,2.03
2023-03-20,Social,Social-2303,2860.2,4272,90,3,7841.07,2.113,31.68,2.74
2024-03-04,Social,Social-2403,1018.11,1581,27,1,2339.91,1.72,37.43,2.3
2023-04-10,Social,Social-2304,2174.07,3492,85,3,8052.22,2.436,25.56,3.7
2024-09-23,Affiliate,Affiliate-2409,964.4,1622,37,1,6755.55,2.317,25.66,7.0
2023-07-24,Paid Search,Paid-2307,5631.27,5963,188,9,31970.98,3.158,29.9,5.68
2023-05-08,Paid Search,Paid-2305,818.36,819,26,1,4032.33,3.24,30.83,4.93
2023-08-21,Social,Social-2308,2625.16,4143,84,3,5956.31,2.028,31.24,2.27
2024-07-01,Affiliate,Affiliate-2407,1668.06,3293,64,2,6345.96,1.96,25.85,3.8
2023-08-28,Paid Search,Paid-2308,2130.15,1981,48,2,7666.12,2.467,43.58,3.6
2023-03-13,Affiliate,Affiliate-2303,1331.0,2494,45,2,8744.5,1.842,28.97,6.57
2024-08-26,Paid Search,Paid-2408,3673.64,4140,120,6,18067.89,2.91,30.48,4.92
2024-04-08,Paid Search,Paid-2404,5468.86,5428,144,6,22405.02,2.667,37.77,4.1
2024-07-22,Affiliate,Affiliate-2407,782.29,1287,25,1,3087.51,1.99,30.53,3.95
2023-04-03,Social,Social-2304,1200.16,1920,39,1,3279.56,2.062,30.31,2.73
2024-09-23,Paid Search,Paid-2409,1364.97,1292,41,2,8604.89,3.216,32.83,6.3
2024-04-22,Display,Display-2404,3489.63,9738,109,6,8475.72,1.121,31.97,2.43
2025-02-24,Affiliate,Affiliate-2502,1133.36,2441,40,1,4884.33,1.644,28.23,4.31
2023-06-12,Email,Email-2306,1029.8,5012,53,2,7314.15,1.07,19.19,7.1
2024-09-23,Display,Display-2409,1496.29,3526,49,2,4113.29,1.416,29.96,2.75
2023-06-19,Paid Search,Paid-2306,6302.82,6262,190,9,36601.24,3.034,33.17,5.81
2025-06-09,Affiliate,Affiliate-2506,462.52,860,17,0,2005.31,2.048,26.25,4.34
2023-11-06,Paid Search,Paid-2311,2847.22,2852,97,5,18568.21,3.43,29.1,6.52
2023-05-01,Email,Email-2305,912.82,4849,46,2,7130.27,0.959,19.63,7.81
2023-10-23,Affiliate,Affiliate-2310,442.64,868,18,1,2920.86,2.159,23.62,6.6
2023-09-18,Display,Display-2309,1758.93,5285,73,3,5998.03,1.382,24.09,3.41
2025-04-28,Email,Email-2504,867.57,3426,31,1,4404.21,0.933,27.14,5.08
2023-08-28,Display,Display-2308,1124.29,3490,47,2,3728.06,1.365,23.59,3.32
2024-08-05,Affiliate,Affiliate-2408,1522.49,3120,51,2,8821.18,1.646,29.63,5.79
2024-12-30,Display,Display-2412,1093.25,2954,40,1,1913.27,1.376,26.9,1.75
2024-12-23,Affiliate,Affiliate-2412,604.86,1075,17,0,1718.12,1.591,35.34,2.84
2025-02-10,Display,Display-2502,2124.81,5907,82,4,7631.58,1.398,25.73,3.59
2024-11-04,Email,Email-2411,1400.84,6945,80,2,5982.58,1.156,17.44,4.27
2023-06-12,Display,Display-2306,1071.57,2511,39,1,2667.5,1.564,27.28,2.49
2023-06-12,Affiliate,Affiliate-2306,996.25,1986,32,1,,1.648,30.43,5.12
2024-05-13,Display,Display-2405,1410.83,3742,54,3,4245.56,1.46,25.82,3.01
2025-05-19,Affiliate,Affiliate-2505,1134.99,1926,41,1,4716.57,2.167,27.19,4.16
2024-01-15,Email,Email-2401,2863.82,13616,158,7,17694.08,1.167,18.01,6.18
2024-04-15,Email,Email-2404,2265.9,9302,105,5,11810.4,1.133,21.5,5.21
2024-03-04,Display,Display-2403,1468.17,4065,47,1,3038.41,1.172,30.81,2.07
2023-08-14,Email,Email-2308,3000.55,13797,157,5,16272.94,1.142,19.05,5.42
2023-06-05,Affiliate,Affiliate-2306,428.89,933,18,0,2153.03,2.02,22.73,5.02
2023-08-07,Display,Display-2308,3063.13,8908,102,5,7688.78,1.148,29.95,2.51
2023-07-31,Paid Search,Paid-2307,978.86,1008,37,1,5493.13,3.718,26.1,5.61
2024-01-22,Email,Email-2401,1226.27,6487,74,4,11928.15,1.147,16.48,9.73
2024-08-19,Paid Search,Paid-2408,1605.18,1779,56,2,8583.65,3.16,28.54,5.35
2023-02-13,Social,Social-2302,1670.85,2802,72,2,6887.17,2.583,23.08,4.12
2024-03-25,Display,Display-2403,1197.54,3018,48,2,3578.24,1.603,24.75,2.99
2023-01-30,Paid Search,Paid-2301,7748.63,8652,262,9,30898.61,3.039,29.47,3.99
2023-06-05,Display,Display-2306,1339.35,3291,49,1,2680.08,1.501,27.1,2.0
2024-07-15,Affiliate,Affiliate-2407,2807.92,4853,76,4,11538.55,1.575,36.74,4.11
2023-01-02,Paid Search,Paid-2301,3968.29,4601,116,6,24623.21,2.527,34.12,6.2
2024-01-29,Paid Search,Paid-2401,1765.87,1732,46,2,7744.38,2.696,37.81,4.39
2024-04-01,Affiliate,Affiliate-2404,1858.91,3967,61,1,5649.62,1.548,30.27,3.04
2023-12-25,Display,Display-2312,1147.48,3600,49,2,3621.99,1.379,23.12,3.16
2025-05-19,Social,Social-2505,2427.78,3469,77,2,6312.39,2.238,31.27,2.6
2025-01-27,Email,Email-2501,2653.46,11814,111,4,12122.01,0.943,23.82,4.57
2024-09-02,Affiliate,Affiliate-2409,3000.6,6397,143,8,24888.81,2.247,20.87,8.29
2024-06-03,Paid Search,Paid-2406,1686.73,1907,51,2,8057.82,2.714,32.57,4.78
2023-01-02,Affiliate,Affiliate-2301,2132.23,4611,82,3,10030.34,1.799,25.71,4.7
2024-02-26,Affiliate,Affiliate-2402,1762.6,3602,79,3,10649.8,2.209,22.14,6.04
2023-04-24,Paid Search,Paid-2304,2125.37,2349,67,3,12112.06,2.857,31.66,5.7
2023-02-06,Social,Social-2302,2956.24,4957,100,3,7723.84,2.033,29.33,2.61
2025-01-27,Affiliate,Affiliate-2501,1682.85,3298,63,3,8915.59,1.927,26.48,5.3
2023-10-30,Social,Social-2310,1646.01,2510,53,1,3658.68,2.132,30.76,2.22
2024-10-07,Affiliate,Affiliate-2410,938.76,2021,33,1,5979.98,1.64,28.32,6.37
2024-09-02,Email,Email-2409,677.04,3230,32,1,3022.34,1.02,20.54,4.46
2023-07-24,Email,Email-2307,2203.58,10679,82,3,7805.64,0.768,26.85,3.54
2023-01-16,Affiliate,Affiliate-2301,1098.18,2201,38,2,7396.69,1.747,28.55,6.74
2023-08-28,Affiliate,Affiliate-2308,2131.32,3636,76,2,7140.54,2.101,27.89,3.35
2023-05-01,Social,Social-2305,3061.39,5244,125,5,9493.37,2.389,24.44,3.1
2023-08-21,Paid Search,Paid-2308,2277.76,2170,63,3,9981.53,2.933,35.79,4.38
2025-02-24,Email,Email-2502,1304.91,6193,73,4,9868.24,1.183,17.81,7.56
2023-03-20,Affiliate,Affiliate-2303,1351.82,2308,53,2,6597.28,2.299,25.47,4.88
2025-02-17,Social,Social-2502,2473.94,3808,78,3,6633.81,2.054,31.63,2.68
2023-08-14,Affiliate,Affiliate-2308,1512.06,3141,52,1,6002.62,1.664,28.94,3.97
2024-04-01,Email,Email-2404,2053.93,8950,87,3,,0.983,23.34,5.07
2024-02-12,Email,Email-2402,907.38,3700,28,1,4141.31,0.782,31.35,4.56
2023-02-27,Social,Social-2302,717.02,1296,23,1,3114.67,1.774,31.17,4.34
2024-06-10,Email,Email-2406,2119.44,11080,102,4,11144.95,0.929,20.6,5.26
2023-04-17,Affiliate,Affiliate-2304,323.64,676,13,0,2173.04,2.065,23.18,6.71
2024-07-08,Affiliate,Affiliate-2407,1242.29,2617,55,1,4302.68,2.113,22.46,3.46
2023-02-06,Display,Display-2302,2328.24,6058,94,5,8555.87,1.552,24.76,3.67
2024-03-25,Affiliate,Affiliate-2403,1067.84,1827,29,1,5368.01,1.6,36.51,5.03
2025-06-09,Email,Email-2506,4342.57,17590,155,7,19213.5,0.883,27.95,4.42
2025-01-06,Email,Email-2501,2336.72,12015,130,7,22552.24,1.084,17.94,9.65
2025-04-14,Paid Search,Paid-2504,3517.37,3833,96,4,16604.19,2.509,36.57,4.72
2023-04-24,Affiliate,Affiliate-2304,1423.78,2787,53,2,9604.01,1.928,26.49,6.75
2023-03-27,Email,Email-2303,3751.15,15428,165,5,14569.06,1.074,22.64,3.88
2025-05-26,Display,Display-2505,1096.33,3120,40,1,1961.91,1.31,26.81,1.79
2023-07-10,Social,Social-2307,2054.68,3745,68,3,6208.37,1.835,29.9,3.02
2023-06-05,Social,Social-2306,1965.52,3052,60,1,3532.82,1.98,32.51,1.8
2023-09-25,Affiliate,Affiliate-2309,834.48,1527,33,2,5095.9,2.212,24.7,6.11
2024-09-09,Social,Social-2409,1625.05,2736,54,2,5179.38,1.993,29.79,3.19
2023-02-27,Display,Display-2302,1928.52,5143,75,2,3869.62,1.469,25.53,2.01
2024-08-26,Social,Social-2408,3089.95,5250,118,3,,2.264,26.0,2.23
2024-03-18,Display,Display-2403,1358.75,3604,44,1,2550.69,1.235,30.53,1.88
2024-02-12,Display,Display-2402,1719.3,5397,74,4,6238.07,1.385,22.99,3.63
2023-06-26,Affiliate,Affiliate-2306,518.94,867,15,0,1845.11,1.78,33.59,3.56
2025-03-24,Paid Search,Paid-2503,2550.85,2820,102,4,16201.8,3.646,24.8,6.35
2023-10-30,Display,Display-2310,1053.38,3206,39,1,2195.6,1.226,26.79,2.08
2023-05-15,Social,Social-2305,2683.84,4073,84,4,11626.57,2.077,31.72,4.33
2023-06-19,Affiliate,Affiliate-2306,2245.67,4813,92,3,9449.34,1.92,24.3,4.21
2025-05-05,Social,Social-2505,1155.6,1758,29,1,2201.05,1.692,38.86,1.9
2023-11-13,Social,Social-2311,2090.24,3014,55,3,5987.27,1.846,37.57,2.86
2023-09-04,Email,Email-2309,262.01,1253,10,0,1638.46,0.812,25.74,6.25
2024-07-08,Email,Email-2407,3582.74,15761,165,8,27421.97,1.05,21.64,7.65
2025-05-19,Display,Display-2505,1857.5,5271,63,3,5178.08,1.202,29.31,2.79
2025-05-05,Paid Search,Paid-2505,3874.36,4158,132,6,21331.26,3.196,29.16,5.51
2023-05-22,Display,Display-2305,681.51,2002,24,0,1397.75,1.206,28.22,2.05
2023-04-24,Social,Social-2304,2366.72,4262,95,5,10761.74,2.235,24.85,4.55
2024-08-19,Social,Social-2408,921.87,1623,36,1,3170.04,2.241,25.34,3.44
2024-07-15,Social,Social-2407,4301.11,7379,156,5,13637.55,2.12,27.5,3.17
2024-01-01,Affiliate,Affiliate-2401,2306.13,5018,98,4,16228.8,1.97,23.32,7.04
2024-12-16,Social,Social-2412,4340.09,7906,165,6,12021.31,2.094,26.21,2.77
2023-11-13,Email,Email-2311,1647.72,8346,71,2,8491.0,0.861,22.94,5.15
2024-02-26,Social,Social-2402,846.21,1153,22,0,1655.12,1.944,37.75,1.96
2024-01-22,Paid Search,Paid-2401,1391.96,1302,35,1,4889.36,2.702,39.56,3.51
2025-06-02,Email,Email-2506,2807.77,13569,141,6,16300.39,1.042,19.85,5.81
2024-01-01,Display,Display-2401,2504.04,8010,97,3,5289.33,1.216,25.71,2.11
2025-03-10,Email,Email-2503,2962.69,13575,155,7,17878.07,1.147,19.03,6.03
2023-10-02,Affiliate,Affiliate-2310,1789.44,2946,66,3,11292.26,2.262,26.85,6.31
2023-12-18,Display,Display-2312,1488.98,4560,58,2,5095.09,1.281,25.49,3.42
2023-08-28,Social,Social-2308,2474.21,4353,96,3,7934.11,2.21,25.71,3.21
2023-11-27,Email,Email-2311,1187.58,4838,52,3,8841.88,1.094,22.44,7.45
2024-09-16,Affiliate,Affiliate-2409,1738.37,3756,61,3,9756.22,1.642,28.19,5.61
2023-07-10,Affiliate,Affiliate-2307,1488.45,2412,43,2,7290.02,1.813,34.04,4.9
2024-02-26,Display,Display-2402,2815.11,7866,99,5,8920.83,1.271,28.15,3.17
2024-01-08,Email,Email-2401,1578.91,7848,70,2,6577.44,0.903,22.29,4.17
2024-03-25,Email,Email-2403,2165.93,10390,106,5,16635.58,1.022,20.4,7.68
2025-03-24,Social,Social-2503,1643.62,2841,70,2,4861.01,2.47,23.42,2.96
2024-08-12,Display,Display-2408,2822.65,8726,126,4,6452.59,1.453,22.26,2.29
2023-10-23,Email,Email-2310,1788.77,7854,81,4,12675.35,1.043,21.83,7.09
2023-10-02,Display,Display-2310,1356.8,3689,41,2,3504.3,1.118,32.89,2.58
2024-05-13,Paid Search,Paid-2405,2000.87,2310,85,4,14151.25,3.683,23.51,7.07
2024-09-23,Social,Social-2409,1777.86,2717,45,2,5118.99,1.684,38.85,2.88
2023-01-23,Paid Search,Paid-2301,2737.92,2612,94,4,12163.44,3.619,28.97,4.44
2023-08-14,Display,Display-2308,3014.52,7210,80,2,3619.95,1.112,37.59,1.2
2024-12-02,Affiliate,Affiliate-2412,1125.01,2356,53,2,,2.258,21.14,6.2
2024-11-11,Email,Email-2411,1552.87,7881,78,3,11444.95,1.0,19.69,7.37
2024-10-21,Paid Search,Paid-2410,1266.19,1570,57,2,9105.09,3.665,22.0,7.19
2024-04-22,Email,Email-2404,2693.18,13126,154,6,17719.78,1.177,17.44,6.58
2023-02-20,Email,Email-2302,2107.75,11000,91,3,8276.72,0.831,23.06,3.93
2025-06-16,Display,Display-2506,719.24,2021,31,1,,1.548,22.98,2.78
2023-10-16,Social,Social-2310,2066.33,3015,63,3,7601.94,2.094,32.73,3.68
2024-02-19,Paid Search,Paid-2402,3497.47,3258,95,3,11964.4,2.929,36.65,3.42
2024-12-09,Email,Email-2412,2075.97,10358,84,3,8711.66,0.82,24.44,4.2
2023-04-10,Display,Display-2304,1012.98,3115,40,1,2239.92,1.306,24.89,2.21
2024-09-16,Paid Search,Paid-2409,1325.35,1240,41,2,8099.95,3.374,31.67,6.11
2023-05-22,Affiliate,Affiliate-2305,1191.12,2502,38,1,5100.38,1.521,31.3,4.28
2024-06-17,Display,Display-2406,2692.72,8315,124,5,8471.21,1.498,21.61,3.15
2023-01-23,Social,Social-2301,1719.82,3051,73,3,7933.23,2.397,23.51,4.61
2023-05-08,Social,Social-2305,1281.58,1982,50,2,4921.84,2.526,25.59,3.84
2023-05-01,Display,Display-2305,1534.6,4647,76,4,5400.14,1.642,20.11,3.52
2025-03-03,Display,Display-2503,3153.04,9313,120,6,9405.54,1.297,26.1,2.98
2023-10-16,Paid Search,Paid-2310,3246.18,3214,111,5,20023.92,3.481,29.02,6.17
2023-05-22,Email,Email-2305,688.34,3129,30,1,2726.59,0.981,22.43,3.96
2023-11-27,Display,Display-2311,6217.99,18522,292,15,21881.65,1.578,21.27,3.52
2024-08-12,Paid Search,Paid-2408,964.79,970,35,1,7237.29,3.634,27.36,7.5
2023-12-11,Social,Social-2312,2411.77,4314,81,3,8804.81,1.884,29.67,3.65
2023-08-07,Email,Email-2308,2042.04,10692,126,4,9450.95,1.179,16.19,4.63
2024-04-01,Social,Social-2404,893.89,1205,28,1,3909.35,2.369,31.3,4.37
2023-07-03,Display,Display-2307,1279.83,3258,49,2,4743.37,1.511,25.99,3.71
2025-03-03,Affiliate,Affiliate-2503,1181.67,1986,32,1,4353.44,1.658,35.88,3.68
2024-11-04,Paid Search,Paid-2411,4671.97,4761,169,9,32773.71,3.569,27.49,7.01
2024-05-13,Affiliate,Affiliate-2405,2195.78,4312,88,4,13764.69,2.05,24.84,6.27
2023-01-23,Display,Display-2301,1623.12,4613,54,3,4983.56,1.184,29.72,3.07
2023-06-19,Social,Social-2306,2600.97,4452,107,5,9447.61,2.42,24.14,3.63
2023-07-24,Affiliate,Affiliate-2307,2609.06,4463,88,4,15507.98,1.983,29.47,5.94
2024-07-29,Paid Search,Paid-2407,1788.17,1713,44,1,5786.75,2.571,40.59,3.24
2024-01-15,Affiliate,Affiliate-2401,599.47,1228,27,1,3587.89,2.213,22.04,5.99
2024-02-19,Affiliate,Affiliate-2402,731.36,1592,28,1,3012.09,1.812,25.34,4.12
2025-03-10,Display,Display-2503,1260.94,3371,42,2,3497.37,1.27,29.44,2.77
2024-03-11,Social,Social-2403,6619.43,9105,204,11,20430.53,2.245,32.38,3.09
2024-10-07,Display,Display-2410,1409.37,4138,46,2,2993.81,1.124,30.31,2.12
2025-01-13,Affiliate,Affiliate-2501,2177.69,3676,86,3,8843.1,2.365,25.04,4.06
2024-01-08,Display,Display-2401,2521.97,6382,98,4,5898.36,1.541,25.64,2.34
2023-02-13,Affiliate,Affiliate-2302,786.5,1497,30,1,5263.92,2.038,25.76,6.69
2023-09-11,Social,Social-2309,2954.17,4580,95,4,11554.74,2.088,30.89,3.91
2023-09-11,Affiliate,Affiliate-2309,1611.42,3283,57,3,10664.97,1.74,28.21,6.62
2023-10-16,Email,Email-2310,1059.26,4610,47,2,6264.93,1.039,22.11,5.91
2024-07-22,Social,Social-2407,3076.34,4778,104,4,7653.9,2.176,29.58,2.49
2023-05-08,Affiliate,Affiliate-2305,1023.13,1975,46,2,7340.4,2.373,21.83,7.17
2025-06-09,Paid Search,Paid-2506,3571.7,3339,102,5,16892.44,3.069,34.85,4.73
2025-04-07,Social,Social-2504,1600.27,2378,59,2,5599.22,2.493,26.99,3.5
2024-05-06,Display,Display-2405,1491.34,4517,51,2,4448.45,1.147,28.77,2.98
2024-06-17,Paid Search,Paid-2406,1057.25,1144,40,2,6515.97,3.504,26.36,6.16
2023-06-19,Email,Email-2306,1819.75,7339,62,3,7257.92,0.847,29.26,3.99
2024-05-27,Affiliate,Affiliate-2405,959.19,2064,38,1,5661.2,1.872,24.82,5.9
2024-12-30,Paid Search,Paid-2412,1854.75,2284,82,4,12392.97,3.602,22.54,6.68
2025-03-17,Email,Email-2503,719.36,3406,27,1,3655.72,0.811,26.05,5.08
2024-05-20,Affiliate,Affiliate-2405,2132.52,4153,77,2,6189.25,1.859,27.62,2.9
2023-04-17,Display,Display-2304,693.31,1757,22,0,1563.95,1.257,31.37,2.26
2024-05-06,Paid Search,Paid-2405,5801.93,6986,223,10,33089.89,3.201,25.94,5.7
2023-03-27,Social,Social-2303,3545.36,6010,148,4,8962.58,2.472,23.86,2.53
2023-12-18,Social,Social-2312,2338.71,4053,92,5,11745.38,2.276,25.35,5.02
2023-06-26,Paid Search,Paid-2306,1980.94,2288,65,3,11480.98,2.858,30.28,5.8
2024-12-09,Affiliate,Affiliate-2412,2250.5,4797,105,4,13043.1,2.205,21.28,5.8
2024-12-09,Social,Social-2412,4506.77,6482,168,9,22151.2,2.6,26.74,4.92
2025-06-02,Display,Display-2506,1099.97,3352,44,1,2749.75,1.336,24.56,2.5
2024-04-29,Email,Email-2404,740.99,3493,27,1,3149.86,0.781,27.16,4.25
2025-01-13,Social,Social-2501,4285.42,7473,156,5,10956.07,2.097,27.34,2.56
2025-03-31,Display,Display-2503,1222.93,3267,45,1,2095.46,1.401,26.71,1.71
2024-08-05,Social,Social-2408,1749.29,2874,53,2,6154.0,1.876,32.43,3.52
2025-05-26,Social,Social-2505,1420.08,2175,37,1,3728.02,1.729,37.75,2.63
2025-04-14,Affiliate,Affiliate-2504,1250.86,2042,48,2,6438.99,2.354,26.01,5.15
2023-04-03,Email,Email-2304,1396.55,6294,64,3,8147.24,1.021,21.73,5.83
2023-01-30,Affiliate,Affiliate-2301,778.49,1475,25,1,3922.11,1.739,30.34,5.04
2023-04-17,Email,Email-2304,1710.05,8515,80,3,8329.9,0.945,21.24,4.87
2023-05-29,Paid Search,Paid-2305,1575.45,1904,52,2,6219.42,2.751,30.07,3.95
2025-06-16,Affiliate,Affiliate-2506,438.79,870,19,0,1911.79,2.26,22.29,4.36
2023-06-26,Social,Social-2306,1446.14,2147,40,1,3100.14,1.871,35.99,2.14
2025-03-17,Display,Display-2503,2475.46,6618,97,4,5675.84,1.473,25.39,2.29
2024-04-08,Affiliate,Affiliate-2404,1024.37,1887,41,1,5515.6,2.2,24.66,5.38
2024-09-30,Affiliate,Affiliate-2409,1051.58,1735,28,0,3360.79,1.66,36.5,3.2
2023-09-04,Display,Display-2309,4556.9,10807,143,5,10074.73,1.324,31.85,2.21
2025-01-27,Display,Display-2501,5759.72,16126,177,9,,1.099,32.5,2.48
2025-04-14,Email,Email-2504,893.15,4266,46,2,5762.21,1.079,19.4,6.45
2023-07-10,Paid Search,Paid-2307,2011.42,2217,69,2,8548.93,3.124,29.04,4.25
2023-11-06,Display,Display-2311,3801.6,9612,150,8,14956.86,1.562,25.32,3.93
2024-11-04,Affiliate,Affiliate-2411,826.77,1562,25,1,3248.53,1.606,32.94,3.93
2025-06-09,Social,Social-2506,5877.05,9260,211,11,22266.15,2.281,27.82,3.79
2025-04-21,Paid Search,Paid-2504,1677.27,1670,59,2,8386.28,3.578,28.07,5.0
2025-01-20,Affiliate,Affiliate-2501,1206.16,2319,48,2,7763.03,2.078,25.02,6.44
2023-05-08,Display,Display-2305,1043.56,2744,41,2,4058.87,1.516,25.08,3.89
2024-05-20,Display,Display-2405,805.99,2063,28,0,1390.21,1.362,28.68,1.72
2024-07-29,Email,Email-2407,2879.2,11817,140,5,16242.16,1.186,20.54,5.64
2023-04-03,Affiliate,Affiliate-2304,2389.85,4793,99,4,13729.98,2.074,24.04,5.75
2023-02-20,Social,Social-2302,1496.44,2093,36,1,3302.43,1.743,41.02,2.21
2024-02-19,Social,Social-2402,2387.68,3638,73,3,8013.02,2.01,32.66,3.36
2023-08-14,Paid Search,Paid-2308,3086.13,3873,109,4,15355.78,2.83,28.15,4.98
2024-05-20,Email,Email-2405,982.13,4590,44,2,6774.36,0.973,21.98,6.9
2023-01-16,Social,Social-2301,3497.51,5869,121,6,12578.47,2.064,28.87,3.6
2023-07-17,Affiliate,Affiliate-2307,937.56,2041,40,2,5562.91,1.974,23.27,5.93
2024-07-22,Paid Search,Paid-2407,3312.38,3414,116,6,23533.71,3.423,28.34,7.1
2025-01-27,Paid Search,Paid-2501,1829.39,1814,51,1,4962.7,2.822,35.73,2.71
2024-12-02,Paid Search,Paid-2412,1995.51,2430,61,2,8433.15,2.548,32.22,4.23
2023-06-26,Email,Email-2306,729.37,3343,39,1,5161.22,1.17,18.64,7.08
2024-10-14,Paid Search,Paid-2410,2853.14,3428,104,4,14839.8,3.053,27.26,5.2
2024-09-09,Paid Search,Paid-2409,2749.6,2774,72,4,12564.93,2.629,37.68,4.57
2024-02-26,Email,Email-2402,1425.39,5727,44,1,4615.01,0.771,32.29,3.24
2023-01-09,Affiliate,Affiliate-2301,1328.63,2552,45,1,4086.37,1.78,29.24,3.08
2025-02-17,Display,Display-2502,1376.41,4200,48,2,4354.47,1.164,28.15,3.16
2025-04-21,Social,Social-2504,3503.37,4773,113,6,11047.64,2.372,30.94,3.15
2023-09-04,Social,Social-2309,1089.59,1799,33,1,4715.32,1.874,32.31,4.33
2023-11-20,Social,Social-2311,1309.7,2327,53,2,6768.28,2.287,24.61,5.17
2023-10-23,Paid Search,Paid-2310,2235.51,2546,62,3,12127.42,2.469,35.56,5.42
2023-06-26,Display,Display-2306,576.58,1727,27,1,2847.83,1.613,20.7,4.94
2023-07-17,Display,Display-2307,1910.56,4751,70,3,5088.41,1.492,26.95,2.66
2023-12-04,Social,Social-2312,1249.08,2296,46,2,4845.35,2.013,27.03,3.88
2023-01-09,Email,Email-2301,967.63,4862,50,2,7586.23,1.044,19.06,7.84
2025-06-16,Email,Email-2506,1038.23,5197,58,3,8252.85,1.124,17.78,7.95
2024-02-19,Display,Display-2402,800.34,2385,27,1,2649.28,1.159,28.93,3.31
2024-03-11,Paid Search,Paid-2403,1533.15,1841,58,2,8369.9,3.189,26.11,5.46
2024-09-02,Paid Search,Paid-2409,3350.58,4097,119,5,16415.59,2.905,28.15,4.9
2023-12-18,Affiliate,Affiliate-2312,925.16,1590,33,1,5312.07,2.109,27.58,5.74
2024-08-19,Display,Display-2408,2110.97,5435,82,4,6349.28,1.511,25.71,3.01
2024-10-21,Display,Display-2410,2624.19,6748,73,2,4046.17,1.096,35.48,1.54
2025-03-03,Email,Email-2503,755.09,3289,28,0,1980.36,0.862,26.64,2.62
2025-01-06,Social,Social-2501,2359.95,3984,69,2,,1.737,34.09,2.06
2023-01-09,Display,Display-2301,1002.75,2439,36,1,2514.44,1.486,27.66,2.51
2023-08-07,Social,Social-2308,4575.9,6424,131,7,15203.21,2.049,34.77,3.32
2023-02-06,Email,Email-2302,1354.02,5505,61,2,5041.81,1.115,22.05,3.72
2024-09-02,Social,Social-2409,1135.87,1538,39,2,5030.11,2.591,28.5,4.43
2024-01-08,Social,Social-2401,1810.14,2680,53,2,5421.35,1.983,34.05,2.99
2024-03-11,Affiliate,Affiliate-2403,1813.37,3873,61,2,7037.72,1.595,29.35,3.88
2024-10-07,Social,Social-2410,1029.45,1798,45,1,4985.82,2.511,22.79,4.84
2023-03-27,Affiliate,Affiliate-2303,365.83,621,14,0,2091.58,2.358,24.96,5.72
2024-04-15,Display,Display-2404,2082.4,5130,55,1,2930.46,1.085,37.4,1.41
2023-12-25,Paid Search,Paid-2312,2140.72,2427,78,3,10943.22,3.224,27.36,5.11
2024-10-14,Email,Email-2410,988.3,4462,40,2,5740.97,0.911,24.32,5.81
2025-01-27,Social,Social-2501,2821.29,5117,124,5,11051.4,2.434,22.65,3.92
2024-12-23,Email,Email-2412,760.53,3261,25,1,3255.33,0.773,30.17,4.28
2023-07-31,Display,Display-2307,3407.31,10150,156,8,12661.38,1.545,21.73,3.72
2023-03-06,Display,Display-2303,1642.02,5195,81,3,6560.78,1.567,20.17,4.0
2023-10-16,Display,Display-2310,1845.34,5803,69,2,3536.96,1.194,26.63,1.92
2024-12-16,Affiliate,Affiliate-2412,2002.06,4325,88,3,9941.34,2.052,22.56,4.97
2024-02-05,Email,Email-2402,1213.22,5153,49,2,6067.36,0.955,24.65,5.0
2023-01-02,Social,Social-2301,1734.0,2655,67,3,7999.12,2.556,25.55,4.61
2024-08-19,Email,Email-2408,3123.6,12647,100,5,13062.32,0.794,31.11,4.18
2024-04-22,Social,Social-2404,3365.7,6032,147,5,12089.19,2.441,22.85,3.59
2024-01-08,Affiliate,Affiliate-2401,2187.9,3836,60,1,5844.72,1.576,36.2,2.67
2024-09-30,Email,Email-2409,926.27,4044,35,1,5595.77,0.877,26.11,6.04
2024-01-08,Paid Search,Paid-2401,3639.71,4389,123,5,20367.48,2.809,29.52,5.6
2025-03-24,Email,Email-2503,2654.57,12956,148,5,16220.78,1.147,17.86,6.11
2025-04-21,Email,Email-2504,2557.62,11930,124,6,19671.33,1.04,20.61,7.69
2025-01-06,Paid Search,Paid-2501,3305.59,3383,83,2,,2.464,39.65,2.48
2024-05-27,Display,Display-2405,3216.56,9324,107,4,7346.77,1.156,29.85,2.28
2023-05-15,Paid Search,Paid-2305,2782.62,2690,77,2,7343.37,2.893,35.74,2.64
2025-05-12,Affiliate,Affiliate-2505,1013.06,2055,35,1,5148.78,1.728,28.53,5.08
2024-05-06,Email,Email-2405,3698.39,17081,146,4,12275.11,0.86,25.16,3.32
2023-02-27,Email,Email-2302,1273.4,6133,67,2,6156.35,1.093,18.99,4.83
2025-03-31,Affiliate,Affiliate-2503,1145.1,2288,43,1,5000.38,1.892,26.44,4.37
2025-06-16,Paid Search,Paid-2506,1493.3,1761,49,2,7848.34,2.834,29.91,5.26
2025-01-13,Display,Display-2501,1575.34,4291,65,2,4216.4,1.536,23.89,2.68
2023-03-06,Paid Search,Paid-2303,2308.89,2850,86,3,11498.3,3.049,26.56,4.98
2023-08-14,Social,Social-2308,2282.23,3970,97,5,11189.94,2.466,23.3,4.9
2024-02-05,Display,Display-2402,2071.46,4872,67,2,4097.0,1.393,30.52,1.98
2025-03-10,Social,Social-2503,2096.35,3024,59,3,8091.91,1.978,35.05,3.86
2025-04-28,Display,Display-2504,2581.19,7399,85,4,6621.04,1.159,30.1,2.57
2024-03-18,Paid Search,Paid-2403,1618.55,1741,51,1,6860.91,2.962,31.38,4.24
2023-11-20,Paid Search,Paid-2311,1482.48,1565,53,2,6438.0,3.409,27.78,4.34
2025-01-06,Display,Display-2501,1509.77,4571,75,3,5368.29,1.648,20.04,3.56
2023-04-17,Social,Social-2304,2258.41,3667,90,5,10231.27,2.473,24.9,4.53
2025-05-19,Email,Email-2505,1071.57,4975,44,1,4327.9,0.897,24.02,4.04
2023-12-11,Email,Email-2312,2161.98,11401,121,5,17176.49,1.064,17.83,7.94
2024-10-28,Social,Social-2410,1223.62,1670,33,1,3054.8,1.991,36.78,2.5
2023-05-01,Paid Search,Paid-2305,1449.78,1698,50,2,8181.34,2.994,28.51,5.64
2024-10-14,Affiliate,Affiliate-2410,863.12,1882,40,1,3192.11,2.134,21.48,3.7
2023-11-13,Paid Search,Paid-2311,887.71,869,23,0,2779.81,2.664,38.34,3.13
2024-04-08,Social,Social-2404,4417.26,6252,130,6,16011.95,2.085,33.89,3.62
2023-11-20,Display,Display-2311,4707.17,12875,161,8,15259.78,1.256,29.11,3.24
2024-10-28,Paid Search,Paid-2410,3072.52,3536,122,5,21012.23,3.474,25.01,6.84
2025-03-10,Paid Search,Paid-2503,1724.52,1921,60,2,7306.55,3.14,28.58,4.24
2024-08-12,Social,Social-2408,917.08,1483,29,1,2499.39,1.983,31.18,2.73
2023-09-11,Email,Email-2309,581.52,2640,26,1,3262.19,1.003,21.96,5.61
2024-04-08,Email,Email-2404,2250.03,9303,73,3,9413.36,0.79,30.63,4.18
2024-09-02,Display,Display-2409,5607.37,16781,213,7,11680.39,1.272,26.27,2.08
2023-03-06,Affiliate,Affiliate-2303,818.91,1588,25,1,,1.601,32.2,3.97
2023-01-09,Paid Search,Paid-2301,3954.56,3949,130,5,20550.54,3.304,30.3,5.2
2025-01-06,Affiliate,Affiliate-2501,1268.0,2631,57,3,9274.51,2.203,21.87,7.31
2023-11-20,Affiliate,Affiliate-2311,969.6,1688,27,1,4626.55,1.635,35.11,4.77
2024-11-11,Social,Social-2411,3345.99,5606,115,4,8694.56,2.06,28.96,2.6
2025-03-17,Social,Social-2503,1921.94,2868,74,3,,2.581,25.96,3.83
2024-11-25,Email,Email-2411,2295.53,10299,103,3,8681.34,1.004,22.2,3.78
2023-05-29,Social,Social-2305,762.14,1151,29,0,1969.52,2.559,25.85,2.58
2024-09-09,Display,Display-2409,982.79,2525,29,1,1723.8,1.179,33.02,1.75
2024-11-11,Display,Display-2411,2627.53,6864,74,3,5038.93,1.084,35.3,1.92
2023-01-16,Email,Email-2301,1729.96,7881,65,2,6909.95,0.829,26.48,3.99
2023-09-25,Paid Search,Paid-2309,3544.47,4455,143,6,19222.3,3.22,24.71,5.42
2024-01-29,Email,Email-2401,1095.63,5823,48,1,4425.87,0.824,22.82,4.04
2023-02-06,Affiliate,Affiliate-2302,1009.64,1684,35,1,3546.3,2.099,28.54,3.51
2023-08-21,Affiliate,Affiliate-2308,303.15,599,10,0,1676.89,1.767,28.6,5.53
2023-09-11,Paid Search,Paid-2309,2921.63,2818,79,2,8107.79,2.833,36.58,2.78
2023-05-22,Paid Search,Paid-2305,2876.01,3423,90,4,12051.19,2.65,31.7,4.19
2023-10-02,Email,Email-2310,1327.98,5279,58,2,5512.9,1.117,22.52,4.15
2024-11-25,Paid Search,Paid-2411,1815.28,2092,71,2,8472.78,3.407,25.47,4.67
2025-05-26,Paid Search,Paid-2505,1053.16,1068,32,1,5814.52,3.032,32.51,5.52
2024-06-03,Display,Display-2406,1298.97,3416,42,1,,1.255,30.29,1.62
2024-10-07,Paid Search,Paid-2410,2707.36,3325,105,6,18489.65,3.16,25.76,6.83
2024-07-29,Display,Display-2407,4045.42,11430,172,5,9240.1,1.508,23.47,2.28
2023-07-03,Social,Social-2307,1245.52,1907,39,2,4888.33,2.063,31.65,3.92
2023-02-20,Affiliate,Affiliate-2302,1563.88,3296,74,2,6145.07,2.248,21.11,3.93
2024-08-26,Affiliate,Affiliate-2408,1617.64,3163,52,1,5212.75,1.65,31.0,3.22
2023-10-30,Paid Search,Paid-2310,3776.59,3733,104,4,17747.61,2.793,36.21,4.7
2025-02-17,Paid Search,Paid-2502,2725.23,3267,117,5,19808.09,3.59,23.23,7.27
2025-03-03,Social,Social-2503,1127.55,1727,30,1,2352.21,1.748,37.34,2.09
2024-10-21,Affiliate,Affiliate-2410,1346.64,2375,46,1,6190.89,1.965,28.85,4.6
2024-09-30,Social,Social-2409,1487.02,2589,57,1,4653.19,2.238,25.66,3.13
2024-01-01,Paid Search,Paid-2401,2792.68,2779,70,2,6758.52,2.529,39.74,2.42
2023-02-20,Paid Search,Paid-2302,1922.17,2199,78,3,10267.8,3.571,24.48,5.34
2024-03-04,Affiliate,Affiliate-2403,1330.73,2879,63,3,,2.191,21.09,9.28
2024-01-22,Social,Social-2401,2413.97,3492,89,2,,2.558,27.02,2.79
2024-07-01,Display,Display-2407,2716.25,8670,102,5,9601.92,1.178,26.59,3.53
2023-05-29,Email,Email-2305,1135.35,4641,53,1,3858.33,1.153,21.22,3.4
2025-04-28,Social,Social-2504,1253.11,1951,47,2,6024.45,2.451,26.2,4.81
2024-12-30,Affiliate,Affiliate-2412,3886.52,7059,109,5,13468.44,1.553,35.45,3.47
2023-03-06,Email,Email-2303,1306.37,5329,54,1,,1.023,23.97,3.93
2023-10-09,Display,Display-2310,1064.06,3382,41,1,3295.53,1.213,25.94,3.1
2025-04-07,Display,Display-2504,611.16,1720,24,1,,1.452,24.47,3.94
2023-01-30,Social,Social-2301,945.0,1662,42,1,3150.37,2.527,22.49,3.33
2024-07-15,Email,Email-2407,657.52,2996,33,1,4710.67,1.113,19.71,7.16
2023-04-24,Display,Display-2304,1666.84,4333,62,1,2686.29,1.444,26.64,1.61
2023-07-03,Paid Search,Paid-2307,1197.19,1170,32,1,4104.25,2.742,37.31,3.43
2024-08-05,Paid Search,Paid-2408,3203.39,3689,91,4,15218.24,2.481,35.0,4.75
2024-02-05,Social,Social-2402,1766.73,2625,44,2,4478.96,1.71,39.35,2.54
2023-06-19,Display,Display-2306,4615.39,14319,188,7,11925.45,1.32,24.42,2.58
2023-02-13,Display,Display-2302,4879.8,13362,208,6,8462.86,1.557,23.46,1.73
2024-12-23,Social,Social-2412,4193.96,6517,145,4,11094.3,2.237,28.77,2.65
2023-01-23,Affiliate,Affiliate-2301,417.35,900,17,0,2371.8,1.932,23.99,5.68
2025-04-07,Affiliate,Affiliate-2504,800.66,1604,31,1,5866.95,1.934,25.8,7.33
2023-10-30,Affiliate,Affiliate-2310,1003.2,2041,36,1,3621.86,1.788,27.48,3.61
2025-06-23,Paid Search,Paid-2506,5359.1,5840,168,6,24560.32,2.88,31.86,4.58
2024-11-04,Social,Social-2411,2894.39,5263,110,4,7917.05,2.095,26.25,2.74
2024-05-13,Social,Social-2405,2484.04,4005,91,4,8414.17,2.287,27.12,3.39
2023-11-06,Affiliate,Affiliate-2311,2139.11,3910,68,3,11267.27,1.749,31.27,5.27
2023-05-08,Email,Email-2305,647.99,2799,28,1,2922.21,1.012,22.86,4.51
2023-07-31,Social,Social-2307,3451.17,5698,119,6,16765.53,2.1,28.84,4.86
2025-06-02,Social,Social-2506,1322.69,2083,42,1,4164.89,2.04,31.11,3.15
2024-03-18,Email,Email-2403,834.01,4298,35,1,3546.25,0.818,23.71,4.25
2024-09-16,Display,Display-2409,524.08,1307,16,0,701.95,1.282,31.28,1.34
2024-12-30,Email,Email-2412,2319.34,11962,107,5,12469.59,0.898,21.6,5.38
2024-01-22,Affiliate,Affiliate-2401,893.63,1869,35,1,4533.41,1.924,24.84,5.07
2025-03-24,Display,Display-2503,1793.54,4333,65,3,5964.52,1.513,27.36,3.33
2025-04-21,Affiliate,Affiliate-2504,1132.39,1926,38,2,,1.974,29.78,4.72
2024-04-29,Affiliate,Affiliate-2404,775.59,1475,33,1,,2.266,23.19,5.55
2024-06-03,Affiliate,Affiliate-2406,2881.49,5471,103,4,12140.28,1.886,27.92,4.21
2024-07-15,Paid Search,Paid-2407,1316.84,1408,51,1,6907.39,3.646,25.64,5.25
2023-12-25,Email,Email-2312,2872.31,12153,135,6,18232.27,1.115,21.2,6.35
2023-04-10,Email,Email-2304,1253.0,5380,48,1,4266.24,0.903,25.79,3.4
2023-10-02,Paid Search,Paid-2310,3831.44,4091,122,3,12582.78,2.982,31.41,3.28
2024-11-04,Display,Display-2411,2120.71,6481,90,5,9000.34,1.398,23.4,4.24
2023-07-10,Email,Email-2307,1021.56,5325,47,2,6071.59,0.897,21.37,5.94
2024-11-18,Affiliate,Affiliate-2411,835.31,1607,30,1,5175.42,1.898,27.38,6.2
2025-02-10,Paid Search,Paid-2502,910.42,901,23,0,2967.14,2.551,39.57,3.26
2024-10-07,Email,Email-2410,2324.4,9164,101,3,8325.62,1.104,22.98,3.58
2023-10-09,Social,Social-2310,2811.64,4463,94,3,8038.35,2.111,29.83,2.86
2024-03-11,Email,Email-2403,2033.27,8255,95,5,12958.02,1.161,21.22,6.37
2024-02-12,Paid Search,Paid-2402,4166.25,5235,128,5,18584.65,2.457,32.39,4.46
2023-09-18,Affiliate,Affiliate-2309,484.55,941,21,0,2262.42,2.271,22.68,4.67
2023-06-05,Email,Email-2306,479.07,2364,25,1,3275.22,1.063,19.06,6.84
2023-09-11,Display,Display-2309,1160.18,3087,35,1,2033.0,1.137,33.03,1.75
2023-07-31,Email,Email-2307,1074.05,5157,46,1,5284.75,0.903,23.07,4.92
2024-04-01,Paid Search,Paid-2404,2522.84,2934,94,3,11340.53,3.224,26.66,4.5
2023-02-27,Affiliate,Affiliate-2302,465.69,841,15,0,1752.09,1.833,30.17,3.76
2024-09-09,Affiliate,Affiliate-2409,1778.78,3399,55,2,9611.07,1.63,32.1,5.4
2023-01-09,Social,Social-2301,1605.64,2807,57,2,5077.01,2.046,27.95,3.16
2023-12-18,Paid Search,Paid-2312,2023.17,1946,48,2,8130.4,2.496,41.64,4.02
2023-04-17,Paid Search,Paid-2304,1411.39,1305,35,1,4650.27,2.682,40.32,3.29
2024-12-16,Email,Email-2412,2375.8,9252,75,2,6794.1,0.821,31.27,2.86
2024-07-01,Social,Social-2407,1574.79,2747,68,3,7988.36,2.502,22.91,5.07
2024-08-26,Email,Email-2408,2293.18,11450,108,5,,0.951,21.05,7.72
2023-04-03,Display,Display-2304,1402.71,3658,40,1,2614.07,1.102,34.8,1.86
2023-08-21,Email,Email-2308,1013.77,4200,35,1,4935.0,0.835,28.9,4.87
2025-02-10,Affiliate,Affiliate-2502,653.84,1114,18,0,3161.99,1.643,35.72,4.84
2024-05-27,Social,Social-2405,1231.41,1732,44,1,3270.66,2.555,27.81,2.66
2024-04-29,Paid Search,Paid-2404,3486.68,4068,129,5,18033.2,3.191,26.86,5.17
2025-03-24,Affiliate,Affiliate-2503,1827.73,3740,72,3,10574.62,1.948,25.09,5.79
2025-01-20,Paid Search,Paid-2501,2069.27,2268,64,3,11065.64,2.855,31.95,5.35
2024-07-08,Display,Display-2407,3495.78,8517,104,4,6920.19,1.229,33.4,1.98
2023-09-18,Paid Search,Paid-2309,1936.61,2410,70,4,13728.52,2.93,27.43,7.09
2024-04-29,Display,Display-2404,2881.63,8326,129,6,9859.05,1.56,22.18,3.42
2025-05-12,Paid Search,Paid-2505,1201.73,1493,37,1,6022.6,2.491,32.3,5.01
2023-10-23,Social,Social-2310,1059.31,1861,42,2,4789.64,2.293,24.82,4.52
2025-03-17,Affiliate,Affiliate-2503,1908.17,3682,60,2,7527.28,1.654,31.33,3.94
2024-12-02,Email,Email-2412,941.82,4744,40,1,4568.4,0.858,23.15,4.85
2025-01-20,Email,Email-2501,3206.5,12863,143,8,20136.87,1.117,22.31,6.28
2023-10-02,Social,Social-2310,731.51,1242,24,1,2535.23,1.965,29.95,3.47
2023-09-04,Paid Search,Paid-2309,973.28,941,33,1,4148.44,3.561,29.03,4.26
